<?xml version="1.0" encoding="UTF-8"?>
<project-private xmlns="http://www.netbeans.org/ns/project-private/1">
    <editor-bookmarks xmlns="http://www.netbeans.org/ns/editor-bookmarks/2" lastBookmarkId="0"/>
    <open-files xmlns="http://www.netbeans.org/ns/projectui-open-files/2">
        <group>
            <file>file:/C:/Users/Lenovo/OneDrive/Documents/NetBeansProjects/Pharmacy%20management/src/pharmacy/management/Pharmacymanagement.java</file>
            <file>file:/C:/Users/Lenovo/OneDrive/Documents/NetBeansProjects/Pharmacy%20management/src/dao/ConnectionProvider.java</file>
            <file>file:/C:/Users/Lenovo/OneDrive/Documents/NetBeansProjects/Pharmacy%20management/src/PharmacistDashboard.java</file>
            <file>file:/C:/Users/Lenovo/OneDrive/Documents/NetBeansProjects/Pharmacy%20management/src/AdminDashboard.java</file>
            <file>file:/C:/Users/Lenovo/OneDrive/Documents/NetBeansProjects/Pharmacy%20management/src/ViewUser.java</file>
            <file>file:/C:/Users/Lenovo/OneDrive/Documents/NetBeansProjects/Pharmacy%20management/src/dao/DrugDAO.java</file>
            <file>file:/C:/Users/Lenovo/OneDrive/Documents/NetBeansProjects/Pharmacy%20management/src/AddUser.java</file>
            <file>file:/C:/Users/Lenovo/OneDrive/Documents/NetBeansProjects/Pharmacy%20management/src/Login.java</file>
            <file>file:/C:/Users/Lenovo/OneDrive/Documents/NetBeansProjects/Pharmacy%20management/src/Supplier.java</file>
            <file>file:/C:/Users/Lenovo/OneDrive/Documents/NetBeansProjects/Pharmacy%20management/src/AddDrug.java</file>
        </group>
    </open-files>
</project-private>
